word,frequency
Interpunctie,13.225473047847055
Voorzetsel,11.099681600822265
Zelfstandig naamwoord,16.481120477772098
Eigennaam,6.831631256408564
Bijwoord,5.814159407151142
Voornaamwoord en lidwoord,17.44679643849625
Werkwoord,13.558790264343612
Voegwoord,3.9744237612675035
Bijvoeglijk naamwoord,6.402939995977199
Overig,2.3655320896972443
Telwoord,2.4925175104682418
Tussenwerpsel,0.30693414974882505
